{
    "coach_myself": {
      "title": "COACH MYSELF",
      "description": "get questions to reflect on…or use to coach someone",  
      "list":   [
        {"title": "Get unstuck", "description":"move through a challenge, obstacle or setback"},
        {"title": "Give feedback", "description":"prepare to give feedback by making observations"},
        {"title": "Manage a conflict", "description":"lead others from disagreement to collaboration"},
        {"title": "Present an idea", "description":"develop a presentation / proposal that gets buy-in"},
        {"title": "Probe a decision", "description":"reflect on a management decision that you question"},
        {"title": "Process reactions", "description":"sort out what happened after a difficult conversation"},
        {"title": "Reflect on leading", "description":"questions to help focus your development as a leader"},
        {"title": "Request support", "description":"structure a request for a decision, action or resources"},
        {"title": "Review a meeting", "description":"conduct a post-critique, and identify improvements"},
        {"title": "Sell with SPIN", "description":"prep for a sales call using Neil Rackham’s process"},
        {"title": "Sort out feedback", "description":"reflect on critique received, and move forward"}
        ]
    },
    "coach_someone": {
        "title": "COACH SOMEONE",
        "description": "get questions to prepare for or use in a conversation",  
        "list":   [
          {"title": "Accept a new task", "description":"prepare for and effectively lead a delegation conversation"},
          {"title": "Achieve a goal", "description":"identify actions in pursuit of a personal/interpersonal goal"},
          {"title": "Find career focus", "description":"questions to explore career situation, options and direction"},
          {"title": "Motivate action", "description":"ask questions to quickly translate their insights into action"},
          {"title": "Onboard talent", "description":"get to know & foster dialogue with a new team member"},
          {"title": "Redirect behavior", "description":"prepare to deliver adjusting feedback to a team member"},
          {"title": "Refocus effort", "description":"shift mindset from problem to solution, and take action"},
          {"title": "Reinforce behavior", "description":"structure and facilitate a positive feedback conversation"},
          {"title": "Review an event", "description":"reflect on a disturbing, surprising or significant interaction"},
          {"title": "Set a SMART goal", "description":"consider all relevant factors in a goal-setting conversation"},
          {"title": "Update progress", "description":"facilitate short, regularly scheduled 1:1 status meetings"}
          ]
      },

      "lead_a_meeting": {
        "title": "LEAD a MEETING",
        "description": "get questions to prompt your team/group to answer",  
        "list":   [
          {"title": "Assess a situation", "description":"diagnose one’s situational SWOT; identify best way forward"},
          {"title": "Devise a strategy", "description":"consider various perspectives in defining a group’s strategy"},
          {"title": "Initiate a change", "description":"plan implementation of a new process, program or tool"},
          {"title": "Generate ideas", "description":"prompt creative thinking through a series of questions"},
          {"title": "Kick-off a project", "description":"pose questions the project leader and team should answer"},
          {"title": "Make a decision", "description":"pose questions the project leader and team should answer"},
          {"title": "Manage an issue", "description":"respond to a political, regulatory, legal or public affairs issue"},
          {"title": "Plan a workshop", "description":"establish the why, when, where, how and who of a workshop"},
          {"title": "Review a project", "description":"conduct an after-action review, and generate lessons learned"},
          {"title": "Solve a problem", "description":"structure your approach to solving a non-technical problem"},
          {"title": "Set ground rules", "description":"50+ group norms from which to select for efficient meetings"}
          ]
      }
}